{
  "AdminInfo": [
    {
      "id": "1",
      "adminName": "john007",
      "password": "12345",
      "name": "John"
    },
    {
      "id": "2",
      "adminName": "James123",
      "password": "007",
      "name": "James"
    },
    {
      "id": "9c95",
      "adminName": "Beliver",
      "password": "007",
      "name": "Bala"
    }
  ],
  "UserInfo": [],
  "AdminAddProucts": [
    {
      "category": "Grocerices",
      "name": "Lenovo IdeaPad Slim 1 || AMD Ryzen 5 (Cloud Color)",
      "desc": "Have fun on the IdeaPad 1 Gen 7 (15, AMD) as you watch shows on an expansive up to 39.62cms (15.6) FHD display with a razor-thin frame. Listen to rich audio from stereo Dolby Audio™ speakers. Enjoy clear video calls on its HD webcam which offers a privacy shutter that blocks unintended onlookers. And with a battery that lasts all day and charges super-fast, you can work from anywhere.",
      "rating": "5",
      "price": "43000.00",
      "image": "https://p3-ofp.static.pub//fes/cms/2024/09/12/5ztqhlpp7ivhmq4rix5lcoyt64hqnz824789.png",
      "id": "9682"
    },
    {
      "category": "Mobile Accessories",
      "name": "Boat Earpods",
      "desc": "Boat EarPods Gen 2|| Noise Cancellation || 12 mm Audio || 5.2v Bluetooh Support || Upto 50 Meter Support",
      "rating": "4.5",
      "price": "2000.00",
      "image": "https://www.boat-lifestyle.com/cdn/shop/files/AD_121_PRO_PLUS_fk.129_800x.png?v=1718612362",
      "id": "5465"
    },
    {
      "id": "5478",
      "category": "Mobile Accessories",
      "name": "RealMe Wired Earphones",
      "price": "999.99",
      "desc": "RealMe Wired Earphones|| In-Built Mic|| 12 mm Audio Jack|| Noise Free Voice Call || 10mm Audio Speaker",
      "image": "https://encrypted-tbn1.gstatic.com/shopping?q=tbn:ANd9GcQcjGRT7nh7zvtuKXXqKCx51uP4z_tEInV8x6kX6lsNH-YWpTx6T_4CL33xX9eSXcNEwt6Z6cf3WOiFEaqYtGzvVJn0uxCg",
      "rating": "4.5"
    },
    {
      "id": "e881",
      "category": "Mobile",
      "name": "Samsung S24",
      "price": "69999",
      "desc": "Made For Samsung Kanni",
      "image": "https://m.media-amazon.com/images/I/31mm3ZebkVL._SX300_SY300_QL70_FMwebp_.jpg",
      "rating": "4.5"
    }
  ]
}